 Anio:,"2021"
 Concepto:,"01"
 Formato:,"1004"
 Version:,"07"
 Num Envio:,"00000036"
 Fecha Envio:,"2022-05-12" ,Hora Envio:,"08:32:00"
 Fecha Inicial:,"2021-01-01"
 Fecha Final:,"2021-12-31"
 Valor Total:,"0"
 Cantidad de Registros:,"0"
 
 ,"CUENTA REFERENCIAL" ,"TIPO DOC" ,"NUMERO IDENTIFICACION" ,"PRI APELLIDO" ,"SEG APELLIDO" ,"PRI NOMBRE" ,"OTROS NOMBRES" ,"RAZON SOCIAL" ,"DIRECCION" ,"COD DEPTO" ,"COD MCP" ,"PAIS" ,"EMAIL" ,"VALOR PAGO ABONO CTA" ,"VALOR DESCUENTO TRIBUTARIO" 

