 Anio:,"2021"
 Concepto:,"01"
 Formato:,"1010"
 Version:,"'08"
 Num Envio:,"00000040"
 Fecha Envio:,"2022-05-12" ,Hora Envio:,"08:15:00"
 Fecha Inicial:,"2021-01-01"
 Fecha Final:,"2021-12-31"
 Valor Total:,"0"
 Cantidad de Registros:,"0"
 
 ,"TIPO DOC" ,"NUMERO IDENTIFICACION" ,"DV" ,"PRI APELLIDO" ,"SEG APELLIDO" ,"PRI NOMBRE" ,"OTROS NOMBRES" ,"RAZON SOCIAL" ,"DIRECCION" ,"COD DEPTO" ,"COD MCP" ,"PAIS" ,"VALOR PATRIMONIAL ACCIONES O APORTES AL 31-DIC" ,"PAG ABONO CTA NO DED" ,"PORCENTAJE DE PARTICIPACION" 

